acquisition_channel,Crisis,Pre-Crisis,total,change_pct
Organic,13582,59053,72635,-77.00032174487325
Paid,9917,21314,31231,-53.47189640611805
Referral,4020,15946,19966,-74.78991596638656
Social,3623,10599,14222,-65.8175299556562
