city,pre_crisis_orders,crisis_orders,decline_pct,avg_pre_crisis,avg_crisis
Bengaluru,30220,8642,-71.4030443414957,6044.0,2160.5
Mumbai,17260,4953,-71.30359212050985,3452.0,1238.25
Kolkata,7350,2132,-70.99319727891157,1470.0,533.0
Ahmedabad,7412,2150,-70.99298434970318,1482.4,537.5
Pune,8524,2494,-70.74143594556547,1704.8,623.5
Delhi,14998,4406,-70.62274969996,2999.6,1101.5
Hyderabad,10481,3092,-70.49899818719588,2096.2,773.0
Chennai,10667,3273,-69.31658385675448,2133.4,818.25
