city,pre_crisis_revenue,crisis_revenue,revenue_loss,revenue_decline_pct
Bengaluru,10635756.18,3047959.93,7587796.25,71.3423297937994
Mumbai,6071645.8,1736092.89,4335552.91,71.40655191052153
Delhi,5263136.37,1537761.01,3725375.3600000003,70.78242131886847
Hyderabad,3692107.83,1088691.34,2603416.49,70.51301342951298
Chennai,3751962.39,1155155.77,2596806.62,69.211957639053
Pune,2998731.41,877417.23,2121314.18,70.74038618216895
Ahmedabad,2615418.54,752255.5,1863163.04,71.23766278723404
Kolkata,2592205.73,744817.64,1847388.0899999999,71.2670321116835
