cuisine_type,pre_crisis,crisis,change_pct
Desserts,8753,2443,-72.08956929052897
Healthy,5438,1561,-71.29459360058846
South Indian,16123,4658,-71.1095949885257
Pizza,13212,3840,-70.93551316984559
North Indian,21075,6166,-70.74258600237248
Fast Food,10416,3054,-70.67972350230414
Biryani,16136,4748,-70.57511155180963
Chinese,15759,4672,-70.35344882289485
