month_period,count,avg_rating
2025-01,10939,4.576350671907853
2025-02,10588,4.3998866641480925
2025-03,10971,4.737653814602133
2025-04,10141,4.29702198994182
2025-05,10605,4.488335690711929
2025-06,4165,2.6256662665066024
2025-07,3880,2.68979381443299
2025-08,3668,2.402017448200654
2025-09,3868,2.3057911065149947
