month_period,orders,change,change_pct
2025-01,23539,,
2025-02,22667,-872.0,-3.704490420153783
2025-03,23543,876.0,3.864649049278679
2025-04,21466,-2077.0,-8.822155205368897
2025-05,22591,1125.0,5.240845989005871
2025-06,9293,-13298.0,-58.8641494400425
2025-07,8818,-475.0,-5.111374152587967
2025-08,8555,-263.0,-2.982535722386026
2025-09,8694,139.0,1.6247808299240107
