month_period,total_orders,cancelled_orders,cancellation_rate
2025-01,23539,1463,6.2152172989506775
2025-02,22667,1395,6.154321259981471
2025-03,23543,1410,5.989041328632714
2025-04,21466,1256,5.851113388614553
2025-05,22591,1370,6.064361914036563
2025-06,9293,1074,11.55708597869364
2025-07,8818,1050,11.90746200952597
2025-08,8555,1070,12.507305669199297
2025-09,8694,1024,11.778237865194386
